{
    "C": -38.082953633007676,
    "N": -54.69161461052007,
    "O": -75.17857263161052,
    "F": -99.79745717121386,
    "Cl": -460.1937747644421,
    "S": -398.22161638160117,
    "H": -0.5971535903584555,
    "offset": 0.029644574561416448
}