{"D3BJ": {"BHHLYP": {"s6": 1.0,
					 "s8": 1.03540,
					 "s6": 1.00000,
					 "a1": 0.27930,
					 "a2": 4.96150},

		  "PBE": {"s6": 1.0,
			      "s8": 0.7875,
			      "a1": 0.4289,
			      "a2": 4.4407},
					 
		  "universal": {"k1": 16.0,
		  			    "k2": 1.333333333,
		  			    "k3": 4.0}
		 }
}