{"D3BJ": {"BHHLYP": {"s6": 1.0,
					 "s8": 1.03540,
					 "s6": 1.00000,
					 "a1": 0.27930,
					 "a2": 4.96150},
					 
		  "universal": {"k1": 16.0,
		  			    "k2": 1.333333333,
		  			    "k3": 4.0}
		 }
}